time,open,high,low,close,volume,ticker
2019-02-14,14.0,14.0,14.0,14.0,100,BOT
2019-02-15,16.1,16.1,16.1,16.1,100,BOT
2019-02-18,18.5,18.5,18.5,18.5,100,BOT
2019-02-19,21.2,21.2,21.2,21.2,100,BOT
2019-02-20,24.3,24.3,24.3,24.3,100,BOT
2019-02-21,27.9,27.9,27.9,27.9,300,BOT
2019-02-22,32.0,32.0,32.0,32.0,400,BOT
2019-02-25,36.8,36.8,36.8,36.8,200,BOT
2019-02-26,40.0,42.3,40.0,42.3,700,BOT
2019-02-27,42.7,47.4,42.7,47.4,500,BOT
2019-02-28,51.4,51.4,50.0,50.0,200,BOT
2019-03-01,51.0,51.0,51.0,51.0,100,BOT
2019-03-04,51.1,51.1,51.0,51.0,300,BOT
2019-03-05,51.0,51.0,51.0,51.0,100,BOT
2019-03-06,51.0,51.1,51.0,51.0,500,BOT
2019-03-07,51.1,58.6,51.0,58.6,400,BOT
2019-03-08,52.9,52.9,52.9,52.9,100,BOT
2019-03-11,51.1,51.1,51.1,51.1,100,BOT
2019-03-12,52.1,52.1,52.1,52.1,100,BOT
2019-03-13,52.0,52.0,52.0,52.0,100,BOT
2019-03-14,52.0,52.0,52.0,52.0,100,BOT
2019-03-15,52.0,52.0,52.0,52.0,200,BOT
2019-03-18,52.2,52.2,52.2,52.2,100,BOT
2019-03-19,52.2,52.2,52.2,52.2,200,BOT
2019-03-20,52.2,52.2,52.2,52.2,100,BOT
2019-03-21,52.2,52.2,52.2,52.2,100,BOT
2019-03-22,52.2,52.2,52.2,52.2,0,BOT
2019-03-25,52.2,52.2,52.2,52.2,20100,BOT
2019-03-26,52.2,52.2,52.2,52.2,60000,BOT
2019-03-27,52.2,52.2,52.2,52.2,0,BOT
2019-03-28,52.2,52.5,52.0,52.2,1700,BOT
2019-03-29,53.5,53.5,52.2,52.2,1800,BOT
2019-04-01,52.2,52.3,52.2,52.3,8600,BOT
2019-04-02,52.3,52.5,52.3,52.5,11600,BOT
2019-04-03,50.5,52.5,50.5,52.5,400,BOT
2019-04-04,52.5,52.8,52.3,52.5,17500,BOT
2019-04-05,52.5,52.6,52.5,52.5,16500,BOT
2019-04-08,52.5,52.5,51.0,52.5,9500,BOT
2019-04-09,52.5,52.5,51.0,52.5,15200,BOT
2019-04-10,52.2,52.5,52.2,52.5,18100,BOT
2019-04-11,52.0,52.3,52.0,52.3,3000,BOT
2019-04-12,52.2,52.3,52.3,52.3,0,BOT
2019-04-16,53.3,53.3,53.3,53.3,4600,BOT
2019-04-17,53.1,53.1,51.3,51.5,5200,BOT
2019-04-18,54.0,54.0,53.0,53.0,500,BOT
2019-04-19,53.0,53.0,53.0,53.0,500,BOT
2019-04-22,50.6,53.1,50.6,53.1,1000,BOT
2019-04-23,53.0,53.1,53.0,53.1,700,BOT
2019-04-24,52.8,52.8,51.1,52.5,7800,BOT
2019-04-25,53.5,53.5,51.0,53.5,2500,BOT
2019-04-26,53.5,53.5,51.0,52.5,12100,BOT
2019-05-02,51.2,52.4,51.2,52.0,5200,BOT
2019-05-03,51.0,52.9,51.0,52.9,10800,BOT
2019-05-06,51.0,53.5,51.0,53.5,8200,BOT
2019-05-07,51.5,53.2,51.5,53.2,7000,BOT
2019-05-08,53.5,53.5,52.0,53.5,3300,BOT
2019-05-09,52.2,53.3,52.2,53.3,2700,BOT
2019-05-10,52.2,53.0,52.0,53.0,6400,BOT
2019-05-13,53.0,53.0,53.0,53.0,4800,BOT
2019-05-14,53.0,53.0,53.0,53.0,6400,BOT
2019-05-15,53.0,53.0,53.0,53.0,2800,BOT
2019-05-16,53.0,53.0,51.6,52.1,14200,BOT
2019-05-17,53.0,53.0,52.0,52.0,10300,BOT
2019-05-20,53.8,53.8,52.8,52.8,6300,BOT
2019-05-21,53.0,53.0,52.0,52.8,9000,BOT
2019-05-22,54.2,55.0,53.9,53.9,1200,BOT
2019-05-23,54.0,54.0,53.8,54.0,1700,BOT
2019-05-24,52.8,54.6,52.8,54.6,9300,BOT
2019-05-27,54.0,54.0,53.0,53.0,6200,BOT
2019-05-28,53.0,53.0,53.0,53.0,1200,BOT
2019-05-29,53.7,54.0,53.7,54.0,4200,BOT
2019-05-30,53.0,53.5,53.0,53.5,2200,BOT
2019-05-31,54.0,54.0,53.1,53.2,3200,BOT
2019-06-03,53.0,53.0,53.0,53.0,5700,BOT
2019-06-04,52.5,53.0,52.5,53.0,5100,BOT
2019-06-05,53.5,53.5,52.8,52.8,6100,BOT
2019-06-06,53.0,53.5,53.0,53.5,3100,BOT
2019-06-07,52.8,53.5,52.8,53.5,5700,BOT
2019-06-10,52.5,53.2,52.5,53.2,5800,BOT
2019-06-11,54.2,54.2,54.2,54.2,200,BOT
2019-06-12,55.0,55.0,55.0,55.0,200,BOT
2019-06-13,55.0,55.0,55.0,55.0,0,BOT
2019-06-14,54.8,54.8,54.8,54.8,200,BOT
2019-06-17,52.5,53.0,52.0,53.0,102200,BOT
2019-06-18,53.2,53.2,52.2,53.2,123300,BOT
2019-06-19,52.7,53.2,52.7,53.2,38000,BOT
2019-06-20,52.8,53.0,52.8,53.0,37500,BOT
2019-06-21,52.8,53.3,52.8,53.3,37700,BOT
2019-06-24,52.2,53.8,52.0,53.8,225500,BOT
2019-06-25,53.1,53.5,52.2,52.5,245900,BOT
2019-06-26,52.2,53.7,52.2,53.6,434800,BOT
2019-06-27,52.8,55.6,52.8,54.6,96000,BOT
2019-06-28,56.0,60.3,54.0,55.4,218700,BOT
2019-07-01,55.4,55.4,55.4,55.4,0,BOT
2019-07-02,54.7,54.7,53.8,53.8,5900,BOT
2019-07-03,52.8,54.0,52.6,52.6,31100,BOT
2019-07-04,54.5,56.7,54.1,53.2,12100,BOT
2019-07-05,56.5,59.3,55.6,56.0,11300,BOT
2019-07-08,56.0,58.5,55.0,55.2,19600,BOT
2019-07-09,55.0,55.9,55.0,55.2,10800,BOT
2019-07-10,56.5,56.8,56.0,56.3,8100,BOT
2019-07-11,56.2,56.8,55.0,55.6,9000,BOT
2019-07-12,56.5,57.0,54.0,54.0,13000,BOT
2019-07-15,56.6,54.0,54.0,54.0,0,BOT
2019-07-16,56.6,54.0,54.0,54.0,0,BOT
2019-07-17,56.3,56.3,56.3,56.3,12000,BOT
2019-07-18,56.3,56.6,52.8,52.8,71400,BOT
2019-07-19,56.8,57.0,55.8,56.0,75900,BOT
2019-07-22,56.5,57.5,55.8,56.5,82500,BOT
2019-07-23,56.0,57.5,55.8,55.8,87500,BOT
2019-07-24,55.8,57.5,55.8,56.5,88400,BOT
2019-07-25,57.5,57.5,55.8,57.5,70000,BOT
2019-07-26,56.0,57.5,55.8,57.0,70000,BOT
2019-07-29,56.5,57.8,55.8,56.2,148500,BOT
2019-07-30,56.2,57.5,55.9,57.1,155100,BOT
2019-07-31,56.0,57.5,56.0,56.8,94000,BOT
2019-08-01,56.5,57.0,56.5,56.5,34000,BOT
2019-08-02,57.0,57.0,56.5,56.5,33000,BOT
2019-08-05,56.2,57.0,56.1,57.0,22500,BOT
2019-08-06,56.0,56.0,55.5,55.5,10000,BOT
2019-08-07,55.9,56.5,55.5,56.3,22800,BOT
2019-08-08,55.8,56.6,55.0,55.8,17800,BOT
2019-08-09,56.0,56.1,55.0,55.7,14500,BOT
2019-08-12,55.0,56.0,55.0,55.5,35400,BOT
2019-08-13,55.5,55.9,55.2,55.2,16300,BOT
2019-08-14,55.0,56.0,55.0,55.5,27300,BOT
2019-08-15,54.0,55.3,54.0,55.0,35500,BOT
2019-08-16,54.0,54.5,54.0,54.3,51300,BOT
2019-08-19,54.0,54.0,54.0,54.0,20500,BOT
2019-08-20,53.5,54.6,53.5,54.0,366100,BOT
2019-08-21,54.0,54.6,54.0,54.2,167000,BOT
2019-08-22,54.1,54.6,54.0,54.6,156000,BOT
2019-08-23,54.0,54.8,53.8,54.2,125900,BOT
2019-08-26,54.0,54.3,53.6,54.3,40000,BOT
2019-08-27,53.8,54.5,53.7,53.8,43500,BOT
2019-08-28,53.9,54.3,53.5,53.8,45500,BOT
2019-08-29,54.0,55.2,53.9,54.4,61500,BOT
2019-08-30,54.2,55.0,53.5,54.0,56400,BOT
2019-09-03,54.0,54.2,53.7,54.0,49900,BOT
2019-09-04,54.0,54.2,53.6,54.2,22900,BOT
2019-09-05,53.9,54.0,53.7,53.8,31100,BOT
2019-09-06,53.6,53.8,53.6,53.6,25500,BOT
2019-09-09,53.6,53.7,53.2,53.3,34800,BOT
2019-09-10,54.0,54.0,52.6,53.0,28500,BOT
2019-09-11,53.4,53.5,53.3,53.4,31500,BOT
2019-09-12,53.4,53.5,53.3,53.4,31500,BOT
2019-09-13,53.5,54.0,53.5,54.0,25500,BOT
2019-09-16,55.0,55.0,53.0,53.8,42000,BOT
2019-09-17,54.0,54.0,52.7,52.7,33100,BOT
2019-09-18,53.5,53.5,51.8,52.0,30600,BOT
2019-09-19,53.0,53.0,51.2,52.5,24100,BOT
2019-09-20,52.1,53.3,51.7,52.5,24700,BOT
2019-09-23,52.7,53.0,52.0,52.0,19900,BOT
2019-09-24,51.3,52.7,51.0,52.7,29700,BOT
2019-09-25,51.6,53.0,51.6,53.0,34600,BOT
2019-09-26,53.0,53.0,52.4,53.0,27300,BOT
2019-09-27,52.9,53.6,52.7,53.4,25600,BOT
2019-09-30,53.7,53.9,53.2,53.7,28500,BOT
2019-10-01,53.1,54.4,53.1,54.3,23700,BOT
2019-10-02,54.0,54.3,53.6,54.3,28200,BOT
2019-10-03,54.3,54.3,53.7,54.0,28700,BOT
2019-10-04,54.0,54.3,53.8,53.8,26200,BOT
2019-10-07,54.7,54.7,53.6,53.8,29000,BOT
2019-10-08,54.5,54.5,52.4,53.4,44400,BOT
2019-10-09,53.3,53.7,53.2,53.5,31300,BOT
2019-10-10,53.5,54.5,53.5,54.2,32300,BOT
2019-10-11,54.0,54.2,53.9,54.0,29600,BOT
2019-10-14,54.2,55.0,53.6,54.0,34600,BOT
2019-10-15,54.3,54.8,54.0,54.8,29600,BOT
2019-10-16,54.5,54.5,53.7,54.0,29100,BOT
2019-10-17,54.2,54.5,53.8,53.8,26400,BOT
2019-10-18,54.4,54.5,53.8,53.8,32700,BOT
2019-10-21,54.1,54.1,53.5,53.7,31600,BOT
2019-10-22,53.7,53.8,52.2,52.7,33600,BOT
2019-10-23,52.5,53.5,52.5,53.5,29600,BOT
2019-10-24,53.5,53.8,53.0,53.8,30100,BOT
2019-10-25,53.8,54.5,53.8,54.5,31000,BOT
2019-10-28,54.0,54.7,54.0,54.5,30100,BOT
2019-10-29,54.5,54.7,54.3,54.3,29700,BOT
2019-10-30,54.2,54.5,54.0,54.2,32200,BOT
2019-10-31,54.2,54.2,53.7,54.2,28900,BOT
2019-11-01,53.8,53.9,53.6,53.8,31400,BOT
2019-11-04,53.8,54.2,52.6,54.2,31700,BOT
2019-11-05,54.0,55.8,54.0,55.6,42200,BOT
2019-11-06,55.5,56.3,55.5,56.0,33500,BOT
2019-11-07,56.0,56.3,55.5,55.6,31800,BOT
2019-11-08,56.0,56.3,55.7,55.7,28000,BOT
2019-11-11,56.2,56.7,55.7,55.9,30300,BOT
2019-11-12,56.0,56.6,56.0,56.6,34300,BOT
2019-11-13,56.5,57.2,56.3,57.0,29500,BOT
2019-11-14,57.2,57.2,56.3,56.5,30300,BOT
2019-11-15,56.5,56.7,56.0,56.2,32100,BOT
2019-11-18,56.7,56.7,56.1,56.1,30100,BOT
2019-11-19,56.2,56.3,56.0,56.0,27400,BOT
2019-11-20,56.2,56.2,55.9,55.9,29100,BOT
2019-11-21,55.8,56.1,55.4,55.8,30900,BOT
2019-11-22,55.5,56.0,55.5,56.0,28000,BOT
2019-11-25,56.0,56.0,55.4,55.5,31600,BOT
2019-11-26,55.7,55.9,55.5,55.5,28500,BOT
2019-11-27,55.7,55.9,55.4,55.4,30500,BOT
2019-11-28,55.5,55.5,55.2,55.4,30500,BOT
2019-11-29,55.5,55.5,55.2,55.3,30800,BOT
2019-12-02,55.5,55.5,55.0,55.3,29700,BOT
2019-12-03,55.3,55.7,55.0,55.5,30800,BOT
2019-12-04,55.5,56.0,55.4,55.9,28100,BOT
2019-12-05,56.0,56.0,55.5,55.5,28400,BOT
2019-12-06,55.9,55.9,55.5,55.8,29600,BOT
2019-12-09,55.8,55.8,55.6,55.7,31400,BOT
2019-12-10,55.7,55.7,55.2,55.5,31000,BOT
2019-12-11,55.6,55.6,55.2,55.2,30900,BOT
2019-12-12,55.3,55.5,55.1,55.3,29500,BOT
2019-12-13,55.3,55.5,55.0,55.3,29800,BOT
2019-12-16,55.0,55.2,54.7,55.1,29200,BOT
2019-12-17,55.2,55.2,54.9,54.9,30300,BOT
2019-12-18,55.0,55.3,54.8,54.8,26700,BOT
2019-12-19,54.5,55.4,54.5,55.4,29900,BOT
2019-12-20,55.0,55.3,54.9,55.2,28400,BOT
2019-12-23,55.2,55.5,55.2,55.3,28000,BOT
2019-12-24,55.2,55.3,54.8,55.2,31300,BOT
2019-12-25,55.3,55.3,55.0,55.1,25900,BOT
2019-12-26,55.1,55.5,54.9,55.0,30200,BOT
2019-12-27,55.1,55.8,54.8,55.8,30500,BOT
2019-12-30,56.0,56.3,55.8,55.8,31000,BOT
2019-12-31,56.0,56.0,55.9,55.9,30600,BOT
2020-01-02,55.9,55.9,55.7,55.8,29500,BOT
2020-01-03,56.0,56.0,55.5,55.8,30800,BOT
2020-01-06,55.8,55.8,55.6,55.6,28800,BOT
2020-01-07,55.8,55.8,55.6,55.6,19100,BOT
2020-01-08,55.7,55.9,55.6,55.7,30700,BOT
2020-01-09,55.8,56.0,55.6,56.0,30200,BOT
2020-01-10,55.8,55.9,55.7,55.8,32600,BOT
2020-01-13,55.8,56.0,55.7,55.9,30700,BOT
2020-01-14,55.8,55.9,55.5,55.8,30100,BOT
2020-01-15,55.9,55.9,55.7,55.7,29500,BOT
2020-01-16,55.8,55.8,55.6,55.6,29600,BOT
2020-01-17,55.7,55.9,55.6,55.6,30100,BOT
2020-01-20,55.7,55.9,55.6,55.7,31300,BOT
2020-01-21,55.7,55.9,55.6,55.6,30300,BOT
2020-01-22,55.7,55.7,55.5,55.7,45700,BOT
2020-01-30,55.7,56.0,55.5,55.6,31500,BOT
2020-01-31,55.9,55.9,55.6,55.6,30200,BOT
2020-02-03,55.7,56.0,55.6,56.0,30800,BOT
2020-02-04,56.0,56.0,55.8,55.8,30700,BOT
2020-02-05,55.8,55.8,55.5,55.7,31000,BOT
2020-02-06,55.6,55.7,55.6,55.6,38200,BOT
2020-02-07,55.7,55.7,55.4,55.5,33500,BOT
2020-02-10,55.6,55.8,55.4,55.6,29100,BOT
2020-02-11,55.6,55.6,55.5,55.5,32100,BOT
2020-02-12,55.5,55.7,55.4,55.5,31700,BOT
2020-02-13,55.8,55.8,55.4,55.4,32600,BOT
2020-02-14,55.5,55.8,55.5,55.5,36000,BOT
2020-02-17,55.7,55.7,55.6,55.6,44200,BOT
2020-02-18,55.5,55.7,55.5,55.6,30200,BOT
2020-02-19,55.8,55.8,55.5,55.6,27200,BOT
2020-02-20,55.8,55.8,55.4,55.5,31000,BOT
2020-02-21,55.7,55.7,55.3,55.4,31400,BOT
2020-02-24,55.5,55.5,55.2,55.3,29500,BOT
2020-02-25,55.3,55.5,55.3,55.4,30100,BOT
2020-02-26,55.3,55.5,55.3,55.5,30200,BOT
2020-02-27,55.5,55.5,55.3,55.5,30800,BOT
2020-02-28,55.4,55.5,55.3,55.4,31100,BOT
2020-03-02,55.4,55.6,55.4,55.6,31100,BOT
2020-03-03,55.7,55.8,55.5,55.6,25500,BOT
2020-03-04,55.7,55.7,55.5,55.6,28900,BOT
2020-03-05,55.7,55.7,55.5,55.6,27300,BOT
2020-03-06,55.6,55.6,55.4,55.5,30600,BOT
2020-03-09,55.2,55.4,55.2,55.4,30200,BOT
2020-03-10,55.3,55.5,55.2,55.3,30400,BOT
2020-03-11,55.3,55.4,55.2,55.4,30400,BOT
2020-03-12,55.3,55.5,55.1,55.5,30100,BOT
2020-03-13,55.2,55.7,55.2,55.7,28600,BOT
2020-03-16,55.7,55.9,55.7,55.8,32100,BOT
2020-03-17,55.7,56.1,55.7,56.1,31100,BOT
2020-03-18,56.0,56.0,55.8,55.9,29600,BOT
2020-03-19,55.9,55.9,55.8,55.8,16500,BOT
2020-03-20,55.9,55.9,55.7,55.7,29400,BOT
2020-03-23,55.8,55.8,55.5,55.5,22400,BOT
2020-03-24,55.8,55.8,55.7,55.7,28800,BOT
2020-03-25,55.7,56.0,55.7,56.0,25800,BOT
2020-03-26,56.0,56.0,55.8,55.8,27000,BOT
2020-03-27,55.9,56.0,55.8,55.9,29200,BOT
2020-03-30,55.9,55.9,55.7,55.7,29900,BOT
2020-03-31,55.7,55.9,55.7,55.7,30800,BOT
2020-04-01,55.9,55.9,55.7,55.7,28700,BOT
2020-04-03,55.5,55.8,55.4,55.5,28900,BOT
2020-04-06,55.7,55.7,55.2,55.3,29800,BOT
2020-04-07,55.4,55.4,55.1,55.2,28600,BOT
2020-04-08,55.2,55.2,54.8,55.0,24900,BOT
2020-04-09,55.2,55.2,54.8,54.8,29300,BOT
2020-04-10,54.8,54.8,54.6,54.7,28000,BOT
2020-04-13,54.7,54.7,54.5,54.5,29100,BOT
2020-04-14,54.8,54.9,54.6,54.8,17200,BOT
2020-04-15,54.7,54.9,54.7,54.8,28500,BOT
2020-04-16,54.8,55.0,54.7,54.7,29700,BOT
2020-04-17,54.7,54.8,54.6,54.7,29900,BOT
2020-04-20,54.7,55.0,54.5,54.6,29300,BOT
2020-04-21,54.5,54.6,54.3,54.3,29400,BOT
2020-04-22,54.3,54.5,54.3,54.4,28300,BOT
2020-04-23,54.7,54.7,54.1,54.1,28700,BOT
2020-04-24,54.4,54.4,54.1,54.3,29800,BOT
2020-04-27,54.3,54.3,53.5,53.5,26900,BOT
2020-04-28,53.7,53.7,53.1,53.5,25200,BOT
2020-04-29,53.4,54.0,53.1,54.0,30200,BOT
2020-05-04,54.0,54.0,53.3,53.5,30200,BOT
2020-05-05,53.8,53.8,53.5,53.6,28500,BOT
2020-05-06,54.0,54.0,53.1,54.0,29900,BOT
2020-05-07,53.9,53.9,53.5,53.9,31100,BOT
2020-05-08,53.9,53.9,53.5,53.6,31600,BOT
2020-05-11,53.9,53.9,53.1,53.6,35100,BOT
2020-05-12,54.0,54.0,53.5,53.7,29000,BOT
2020-05-13,53.9,53.9,53.1,53.6,28800,BOT
2020-05-14,53.9,53.9,53.3,53.5,27400,BOT
2020-05-15,53.5,53.5,53.3,53.4,29900,BOT
2020-05-18,53.4,53.4,53.0,53.0,31600,BOT
2020-05-19,53.4,53.5,53.2,53.2,31700,BOT
2020-05-20,53.1,53.4,53.1,53.3,29100,BOT
2020-05-21,47.0,53.1,47.0,53.1,45100,BOT
2020-05-22,42.0,52.8,42.0,52.8,40200,BOT
2020-05-25,42.0,48.4,42.0,48.4,33700,BOT
2020-05-26,49.0,50.8,49.0,50.3,30500,BOT
2020-05-27,50.5,51.8,50.0,51.4,29800,BOT
2020-05-28,51.9,51.9,51.1,51.3,30700,BOT
2020-05-29,51.3,51.7,51.3,51.5,30400,BOT
2020-06-01,51.3,51.7,51.3,51.6,33700,BOT
2020-06-02,51.5,51.7,51.5,51.6,27100,BOT
2020-06-03,51.6,51.6,51.3,51.5,31200,BOT
2020-06-04,51.3,51.7,51.3,51.7,31200,BOT
2020-06-05,51.7,51.7,51.4,51.5,30800,BOT
2020-06-08,51.5,51.8,51.5,51.5,45100,BOT
2020-06-09,52.0,52.0,51.7,51.7,34500,BOT
2020-06-10,51.7,51.7,51.5,51.5,44000,BOT
2020-06-11,51.5,51.5,51.0,51.0,30300,BOT
2020-06-12,51.0,51.6,50.8,51.5,29800,BOT
2020-06-15,51.0,51.2,50.7,50.8,32100,BOT
2020-06-16,51.0,51.2,50.9,51.1,28800,BOT
2020-06-17,51.3,51.3,50.9,50.9,30800,BOT
2020-06-18,51.3,51.3,50.8,51.0,28900,BOT
2020-06-19,51.3,51.7,51.0,51.3,30100,BOT
2020-06-22,51.5,51.7,50.3,51.0,30800,BOT
2020-06-23,51.1,51.2,50.9,50.9,27900,BOT
2020-06-24,51.1,51.1,50.8,51.0,31900,BOT
2020-06-25,50.9,50.9,50.6,50.8,27100,BOT
2020-06-26,50.8,51.2,50.8,51.0,28700,BOT
2020-06-29,51.0,51.0,50.5,50.7,29700,BOT
2020-06-30,50.8,51.2,50.6,51.0,34600,BOT
2020-07-01,51.0,51.7,51.0,51.6,30400,BOT
2020-07-02,51.5,51.5,50.9,51.0,32100,BOT
2020-07-03,51.0,51.2,50.8,51.1,28000,BOT
2020-07-06,51.0,51.2,50.5,51.2,28400,BOT
2020-07-07,51.0,51.2,50.8,51.2,21800,BOT
2020-07-08,51.0,51.8,51.0,51.7,20100,BOT
2020-07-09,51.8,51.8,51.2,51.6,18700,BOT
2020-07-10,51.6,51.6,51.4,51.5,22500,BOT
2020-07-13,51.5,52.0,51.3,51.5,13600,BOT
2020-07-14,51.7,51.7,51.4,51.6,26400,BOT
2020-07-15,51.5,51.9,51.5,51.9,18600,BOT
2020-07-16,51.9,51.9,51.5,51.6,14600,BOT
2020-07-17,51.8,51.8,51.5,51.6,32500,BOT
2020-07-20,51.5,51.6,51.3,51.5,21500,BOT
2020-07-21,51.7,51.8,51.3,51.6,24200,BOT
2020-07-22,51.6,51.7,51.5,51.5,81200,BOT
2020-07-23,51.5,51.6,51.3,51.6,66000,BOT
2020-07-24,51.5,51.5,51.1,51.3,11900,BOT
2020-07-27,51.3,51.3,51.1,51.2,7900,BOT
2020-07-28,51.3,52.0,51.2,52.0,69400,BOT
2020-07-29,51.8,51.8,51.6,51.8,31200,BOT
2020-07-30,51.6,52.2,51.6,51.8,14300,BOT
2020-07-31,51.9,52.5,51.9,52.2,6300,BOT
2020-08-03,52.1,52.1,51.7,51.9,15600,BOT
2020-08-04,51.8,52.0,51.8,52.0,10600,BOT
2020-08-05,51.9,51.9,51.7,51.9,50100,BOT
2020-08-06,51.8,51.9,51.7,51.8,50500,BOT
2020-08-07,51.8,51.8,51.5,51.8,51000,BOT
2020-08-10,51.8,51.8,51.4,51.6,51600,BOT
2020-08-11,51.5,51.6,51.4,51.4,58400,BOT
2020-08-12,51.5,51.6,51.2,51.5,55700,BOT
2020-08-13,51.5,51.7,51.5,51.7,42700,BOT
2020-08-14,51.8,51.8,51.5,51.7,13500,BOT
2020-08-17,51.8,51.8,51.5,51.7,10400,BOT
2020-08-18,51.6,51.6,51.4,51.6,13500,BOT
2020-08-19,51.6,51.8,51.4,51.5,8800,BOT
2020-08-20,51.7,51.7,51.5,51.6,8500,BOT
2020-08-21,51.6,51.8,51.5,51.7,7300,BOT
2020-08-24,51.6,51.8,51.6,51.8,10000,BOT
2020-08-25,51.6,51.6,51.5,51.6,12800,BOT
2020-08-26,51.8,51.9,51.5,51.9,13500,BOT
2020-08-27,51.9,51.9,51.7,51.7,37200,BOT
2020-08-28,51.8,51.8,51.7,51.7,41200,BOT
2020-08-31,52.0,52.0,51.5,51.5,10800,BOT
2020-09-01,51.7,51.7,51.7,51.7,2000,BOT
2020-09-03,51.8,51.8,51.7,51.8,20700,BOT
2020-09-04,51.8,51.8,51.6,51.7,9200,BOT
2020-09-07,51.8,51.8,51.5,51.7,12800,BOT
2020-09-08,51.9,51.9,51.6,51.7,10500,BOT
2020-09-09,51.7,51.7,51.4,51.5,10400,BOT
2020-09-10,51.7,51.7,51.5,51.7,11800,BOT
2020-09-11,51.7,51.7,51.5,51.6,9100,BOT
2020-09-14,51.6,51.7,51.6,51.6,10300,BOT
2020-09-15,51.8,51.8,51.5,51.6,13300,BOT
2020-09-16,51.8,51.8,51.5,51.6,8800,BOT
2020-09-17,51.7,51.7,51.5,51.6,11500,BOT
2020-09-18,51.7,51.9,51.4,51.9,11500,BOT
2020-09-21,51.8,52.0,51.5,51.8,11800,BOT
2020-09-22,51.7,51.8,51.7,51.8,21200,BOT
2020-09-23,51.8,51.9,51.6,51.9,27600,BOT
2020-09-24,51.8,52.0,51.6,51.8,8600,BOT
2020-09-25,51.8,51.8,51.3,51.7,25500,BOT
2020-09-28,51.7,51.8,51.3,51.8,15500,BOT
2020-09-29,51.3,51.7,51.3,51.7,13300,BOT
2020-09-30,51.7,51.7,51.5,51.5,7100,BOT
2020-10-01,51.2,51.5,51.2,51.5,20100,BOT
2020-10-02,51.8,51.8,51.3,51.3,9700,BOT
2020-10-05,51.6,51.6,51.1,51.6,25400,BOT
2020-10-06,51.1,51.7,51.1,51.7,12900,BOT
2020-10-07,51.7,51.7,51.3,51.5,12400,BOT
2020-10-08,51.6,51.6,51.4,51.4,9600,BOT
2020-10-09,51.6,51.6,51.3,51.5,11500,BOT
2020-10-12,51.7,51.7,51.5,51.5,14800,BOT
2020-10-13,51.7,51.7,51.4,51.5,14700,BOT
2020-10-14,51.5,51.6,51.5,51.6,12800,BOT
2020-10-15,51.5,51.6,51.4,51.6,11300,BOT
2020-10-16,51.6,51.8,51.3,51.8,22300,BOT
2020-10-19,51.7,51.7,51.4,51.6,14600,BOT
2020-10-20,51.8,51.8,51.5,51.5,10500,BOT
2020-10-21,51.6,51.6,51.5,51.6,6500,BOT
2020-10-22,51.5,51.8,51.5,51.5,10300,BOT
2020-10-23,51.7,51.7,51.5,51.5,5500,BOT
2020-10-26,51.5,51.5,51.5,51.5,8500,BOT
2020-10-27,51.8,51.8,51.5,51.8,4800,BOT
2020-10-28,51.7,51.7,51.5,51.6,13600,BOT
2020-10-29,51.6,51.7,51.1,51.7,39000,BOT
2020-10-30,51.7,51.7,51.5,51.5,11400,BOT
2020-11-02,51.7,51.7,51.5,51.6,12300,BOT
2020-11-03,51.6,51.6,51.5,51.5,5500,BOT
2020-11-04,51.5,51.7,51.5,51.6,9800,BOT
2020-11-05,51.7,51.7,51.5,51.6,9300,BOT
2020-11-06,51.6,51.6,51.5,51.5,13700,BOT
2020-11-09,51.7,51.7,51.5,51.5,12800,BOT
2020-11-10,51.6,51.6,51.5,51.5,15200,BOT
2020-11-11,51.6,51.6,51.5,51.5,9400,BOT
2020-11-12,51.7,51.7,51.5,51.5,22000,BOT
2020-11-13,51.6,51.8,51.4,51.6,12700,BOT
2020-11-16,51.8,51.8,51.4,51.6,11100,BOT
2020-11-17,51.7,51.8,51.6,51.8,10700,BOT
2020-11-18,51.4,52.7,51.4,52.5,39500,BOT
2020-11-19,52.5,52.7,52.2,52.3,17900,BOT
2020-11-20,52.4,53.0,52.4,53.0,10700,BOT
2020-11-23,52.5,52.9,52.5,52.9,10700,BOT
2020-11-24,52.9,52.9,52.7,52.8,6200,BOT
2020-11-25,52.8,52.8,52.1,52.8,13200,BOT
2020-11-26,52.8,52.8,52.2,52.5,50800,BOT
2020-11-27,52.7,52.7,52.5,52.6,10500,BOT
2020-11-30,52.6,52.6,52.5,52.5,53100,BOT
2020-12-01,52.7,52.9,52.6,52.8,12600,BOT
2020-12-02,52.7,52.7,52.7,52.7,4800,BOT
2020-12-03,52.5,52.8,52.5,52.8,8600,BOT
2020-12-04,52.8,52.8,52.6,52.6,7600,BOT
2020-12-07,52.5,52.7,52.5,52.6,22600,BOT
2020-12-08,52.4,52.7,52.4,52.7,19200,BOT
2020-12-09,52.1,52.7,52.1,52.7,26200,BOT
2020-12-10,52.6,52.7,52.2,52.7,8000,BOT
2020-12-11,52.6,52.7,52.6,52.7,10100,BOT
2020-12-14,52.6,52.7,52.4,52.6,6100,BOT
2020-12-15,52.3,52.6,52.3,52.6,10200,BOT
2020-12-16,52.5,52.6,52.4,52.5,11300,BOT
2020-12-17,52.5,52.6,52.4,52.6,12000,BOT
2020-12-18,52.6,52.7,52.5,52.7,10600,BOT
2020-12-21,52.6,52.7,52.6,52.6,7300,BOT
2020-12-22,52.5,52.5,52.4,52.5,12500,BOT
2020-12-23,52.6,52.7,52.5,52.6,5000,BOT
2020-12-24,52.6,52.6,52.3,52.3,8100,BOT
2020-12-25,52.4,52.7,52.3,52.4,50000,BOT
2020-12-28,52.5,52.7,52.3,52.3,15400,BOT
2020-12-29,52.6,52.6,52.3,52.5,7500,BOT
2020-12-30,52.4,52.6,52.3,52.3,51900,BOT
2020-12-31,52.6,52.6,52.4,52.6,14700,BOT
2021-01-04,52.5,52.6,52.5,52.6,6000,BOT
2021-01-05,52.6,52.7,52.6,52.6,5200,BOT
2021-01-06,52.6,53.0,52.6,52.8,12300,BOT
2021-01-07,52.8,52.8,52.5,52.7,4900,BOT
2021-01-08,52.8,60.4,52.8,60.4,63200,BOT
2021-01-11,63.0,63.0,60.0,60.0,38200,BOT
2021-01-12,62.2,62.2,56.0,58.8,10100,BOT
2021-01-13,49.0,60.0,49.0,56.0,120200,BOT
2021-01-14,48.0,59.0,48.0,54.9,85200,BOT
2021-01-15,54.1,54.1,54.0,54.0,19500,BOT
2021-01-18,47.5,60.0,47.5,54.1,120500,BOT
2021-01-19,49.0,59.0,49.0,53.3,73100,BOT
2021-01-20,53.2,53.2,53.2,53.2,400,BOT
2021-01-21,48.0,60.0,48.0,55.0,80100,BOT
2021-01-22,49.0,58.0,49.0,51.2,59700,BOT
2021-01-25,51.2,53.8,51.2,53.8,20700,BOT
2021-01-26,49.4,60.0,49.4,54.0,60900,BOT
2021-01-27,55.7,55.7,55.0,55.0,4500,BOT
2021-01-28,55.0,55.5,55.0,55.3,12400,BOT
2021-01-29,49.1,55.4,49.1,55.3,44300,BOT
2021-02-01,50.3,55.7,48.9,55.6,37400,BOT
2021-02-02,55.5,55.5,55.4,55.4,3300,BOT
2021-02-03,55.4,55.5,55.4,55.5,3700,BOT
2021-02-04,55.4,60.0,55.4,55.5,41000,BOT
2021-02-05,60.0,60.2,59.7,60.0,4400,BOT
2021-02-08,58.0,58.0,57.0,58.0,4300,BOT
2021-02-09,57.9,58.5,56.5,58.5,3100,BOT
2021-02-17,50.6,57.5,49.7,57.5,42600,BOT
2021-02-18,55.0,57.0,54.0,56.0,34500,BOT
2021-02-19,55.0,55.0,54.5,54.7,2300,BOT
2021-02-22,53.8,54.0,52.0,54.0,7600,BOT
2021-02-23,50.5,60.0,50.2,56.0,61000,BOT
2021-02-24,55.1,56.0,54.5,56.0,8400,BOT
2021-02-25,55.3,56.0,52.0,56.0,8300,BOT
2021-02-26,52.0,60.0,50.5,56.7,72000,BOT
2021-03-01,56.0,56.0,55.6,56.0,5400,BOT
2021-03-02,56.0,56.0,55.0,55.8,5900,BOT
2021-03-03,55.4,55.8,55.0,55.0,7100,BOT
2021-03-04,54.0,55.4,54.0,55.2,7300,BOT
2021-03-05,52.0,55.5,51.0,55.5,40200,BOT
2021-03-08,52.0,55.2,52.0,55.2,6700,BOT
2021-03-09,53.0,53.0,53.0,53.0,600,BOT
2021-03-10,53.0,54.3,53.0,53.8,6200,BOT
2021-03-11,54.9,60.0,54.9,57.5,55800,BOT
2021-03-12,60.0,60.8,59.7,60.0,5300,BOT
2021-03-15,59.8,60.0,59.0,60.0,5500,BOT
2021-03-16,51.5,59.0,51.2,59.0,49600,BOT
2021-03-17,53.0,58.0,53.0,58.0,45200,BOT
2021-03-18,57.5,58.0,57.5,58.0,5000,BOT
2021-03-19,56.9,58.5,56.9,58.5,5900,BOT
2021-03-22,57.0,57.3,57.0,57.3,5500,BOT
2021-03-23,58.0,58.0,57.8,57.8,15000,BOT
2021-03-24,54.2,58.0,54.2,58.0,1100,BOT
2021-03-25,57.0,58.0,56.8,58.0,56000,BOT
2021-03-26,55.0,57.7,55.0,57.7,9900,BOT
2021-03-29,57.4,58.5,57.4,58.5,1000,BOT
2021-03-30,58.3,58.5,58.3,58.5,2000,BOT
2021-03-31,58.2,58.4,57.8,58.4,4200,BOT
2021-04-01,57.5,58.0,55.1,57.5,5100,BOT
2021-04-02,56.8,57.5,56.8,57.0,2900,BOT
2021-04-05,57.5,57.9,57.3,57.9,4200,BOT
2021-04-06,57.8,57.8,57.0,57.7,5200,BOT
2021-04-07,57.0,57.0,56.9,56.9,2900,BOT
2021-04-08,56.9,57.0,56.5,57.0,2500,BOT
2021-04-09,56.5,56.5,52.5,56.2,6500,BOT
2021-04-12,55.0,56.3,55.0,56.3,4200,BOT
2021-04-13,55.9,56.0,55.3,55.3,4300,BOT
2021-04-14,55.5,55.5,55.3,55.3,4300,BOT
2021-04-15,55.0,57.0,53.0,57.0,3800,BOT
2021-04-16,57.0,57.0,56.8,56.8,4700,BOT
2021-04-19,56.9,56.8,56.8,56.8,0,BOT
2021-04-20,56.8,57.3,56.7,57.3,2400,BOT
2021-04-22,57.0,57.0,56.6,57.0,21100,BOT
2021-04-23,56.8,56.8,56.8,56.8,500,BOT
2021-04-26,57.0,57.0,56.9,57.0,67500,BOT
2021-04-27,57.2,57.2,57.2,57.2,1700,BOT
2021-04-28,57.2,57.2,57.2,57.2,0,BOT
2021-04-29,57.2,57.2,57.2,57.2,0,BOT
2021-05-04,55.0,56.5,55.0,56.5,47900,BOT
2021-05-05,57.0,57.0,56.5,56.8,70100,BOT
2021-05-06,57.0,57.0,56.7,56.7,3600,BOT
2021-05-07,56.7,57.2,56.7,57.2,1400,BOT
2021-05-10,57.0,57.0,56.8,56.8,1300,BOT
2021-05-11,57.0,57.3,56.3,57.3,5900,BOT
2021-05-12,57.3,57.3,57.0,57.0,1900,BOT
2021-05-13,57.3,57.3,57.0,57.0,1200,BOT
2021-05-14,57.0,57.2,55.6,57.2,2600,BOT
2021-05-17,56.8,56.8,56.8,56.8,1000,BOT
2021-05-18,56.8,56.8,55.4,56.0,11300,BOT
2021-05-19,56.0,56.5,55.0,56.5,18700,BOT
2021-05-20,56.5,56.5,55.0,55.0,3100,BOT
2021-05-21,56.0,56.0,55.2,55.2,17400,BOT
2021-05-24,56.0,56.0,54.0,54.0,21200,BOT
2021-05-25,55.7,55.7,53.0,53.0,6100,BOT
2021-05-26,55.0,55.0,55.0,55.0,100,BOT
2021-05-27,54.5,54.5,54.5,54.5,1900,BOT
2021-05-28,53.0,53.0,53.0,53.0,14400,BOT
2021-05-31,53.0,53.0,53.0,53.0,0,BOT
2021-06-01,53.0,53.0,53.0,53.0,500,BOT
2021-06-02,52.9,53.3,52.9,53.3,5300,BOT
2021-06-03,52.0,52.0,51.5,51.5,1900,BOT
2021-06-04,51.9,51.5,51.5,51.5,0,BOT
2021-06-07,52.0,52.0,52.0,52.0,1200,BOT
2021-06-08,51.0,51.0,51.0,51.0,1500,BOT
2021-06-09,51.5,51.5,51.5,51.5,600,BOT
2021-06-10,51.7,51.7,51.7,51.7,800,BOT
2021-06-11,50.5,50.5,49.8,49.8,7400,BOT
2021-06-14,53.0,53.0,53.0,53.0,100,BOT
2021-06-15,52.2,52.2,52.2,52.2,500,BOT
2021-06-16,53.2,53.2,52.8,52.8,7400,BOT
2021-06-17,52.2,52.2,52.2,52.2,300,BOT
2021-06-18,51.9,51.9,51.9,51.9,200,BOT
2021-06-21,51.0,51.0,50.5,50.5,13300,BOT
2021-06-22,50.0,50.0,49.6,49.7,4700,BOT
2021-06-23,49.3,51.0,49.3,51.0,500,BOT
2021-06-24,51.2,51.2,51.2,51.2,6000,BOT
2021-06-25,51.5,51.5,51.5,51.5,300,BOT
2021-06-28,51.5,51.5,51.5,51.5,0,BOT
2021-06-29,51.5,51.5,51.5,51.5,0,BOT
2021-06-30,49.7,51.5,49.1,51.5,2900,BOT
2021-07-01,49.3,52.0,49.3,51.1,29900,BOT
2021-07-02,51.1,51.2,50.8,51.2,1300,BOT
2021-07-05,51.0,51.0,49.4,49.4,700,BOT
2021-07-06,49.6,49.6,49.6,49.6,100,BOT
2021-07-07,49.6,49.6,49.6,49.6,100,BOT
2021-07-08,49.6,49.6,49.6,49.6,6200,BOT
2021-07-09,49.5,49.5,49.5,49.5,200,BOT
2021-07-12,49.5,49.5,49.5,49.5,90100,BOT
2021-07-13,49.5,49.5,49.5,49.5,50200,BOT
2021-07-14,49.5,49.5,49.5,49.5,100,BOT
2021-07-15,49.5,49.5,49.5,49.5,100,BOT
2021-07-16,49.5,49.5,49.5,49.5,100,BOT
2021-07-19,49.4,49.4,49.3,49.3,200,BOT
2021-07-20,49.4,49.4,49.2,49.2,400,BOT
2021-07-21,49.2,49.2,48.7,48.9,50500,BOT
2021-07-22,48.9,48.9,48.9,48.9,100,BOT
2021-07-23,48.9,48.9,48.9,48.9,100,BOT
2021-07-26,48.9,48.9,48.9,48.9,100,BOT
2021-07-27,48.9,48.9,48.9,48.9,200,BOT
2021-07-28,48.9,48.9,48.9,48.9,100,BOT
2021-07-29,48.9,48.9,48.9,48.9,600,BOT
2021-07-30,48.9,48.9,48.9,48.9,50200,BOT
2021-08-02,48.9,48.9,48.9,48.9,100,BOT
2021-08-03,48.9,48.9,48.9,48.9,100,BOT
2021-08-04,48.9,48.9,48.9,48.9,200,BOT
2021-08-05,48.9,48.9,48.9,48.9,100,BOT
2021-08-06,49.0,49.0,49.0,49.0,100,BOT
2021-08-09,49.0,49.0,49.0,49.0,100,BOT
2021-08-10,49.0,49.0,49.0,49.0,100,BOT
2021-08-11,49.0,49.0,49.0,49.0,100,BOT
2021-08-12,49.0,49.5,49.0,49.5,200,BOT
2021-08-13,49.5,50.0,49.5,50.0,200,BOT
2021-08-16,50.0,50.0,50.0,50.0,100,BOT
2021-08-17,50.2,50.2,50.2,50.2,100,BOT
2021-08-18,50.2,50.2,50.2,50.2,100,BOT
2021-08-19,50.2,50.2,50.2,50.2,100,BOT
2021-08-20,50.2,50.2,50.2,50.2,60000,BOT
2021-08-23,50.2,50.2,50.2,50.2,4000,BOT
2021-08-24,50.2,51.3,50.2,51.3,31300,BOT
2021-08-25,51.4,52.0,51.0,52.0,60500,BOT
2021-08-26,52.0,52.0,51.8,51.8,200,BOT
2021-08-27,51.8,51.8,51.8,51.8,200,BOT
2021-08-30,51.8,51.8,51.8,51.8,100,BOT
2021-08-31,51.8,52.0,51.8,52.0,300,BOT
2021-09-01,52.0,52.0,52.0,52.0,200,BOT
2021-09-06,52.0,52.5,52.0,52.5,300,BOT
2021-09-07,52.5,53.0,52.5,53.0,200,BOT
2021-09-08,53.0,54.0,53.0,54.0,200,BOT
2021-09-09,54.0,54.0,54.0,54.0,100,BOT
2021-09-10,54.0,54.5,54.0,54.5,300,BOT
2021-09-13,54.5,54.5,54.0,54.0,300,BOT
2021-09-14,54.0,54.5,54.0,54.5,200,BOT
2021-09-15,54.5,55.0,51.0,51.0,4800,BOT
2021-09-16,51.4,51.4,44.4,44.4,5100,BOT
2021-09-17,42.0,48.0,42.0,48.0,5100,BOT
2021-09-20,47.9,47.9,47.8,47.8,200,BOT
2021-09-21,44.7,48.0,44.7,48.0,5600,BOT
2021-09-22,47.8,47.8,47.0,47.2,500,BOT
2021-09-23,47.2,47.3,42.0,47.3,5300,BOT
2021-09-24,47.2,47.2,47.2,47.2,100,BOT
2021-09-27,47.5,47.5,42.6,42.6,700,BOT
2021-09-28,47.3,47.3,47.3,47.3,500,BOT
2021-09-29,46.8,46.8,46.8,46.8,100,BOT
2021-09-30,46.0,46.0,46.0,46.0,200,BOT
2021-10-01,42.8,46.7,42.0,46.7,2000,BOT
2021-10-04,45.1,45.2,45.1,45.2,200,BOT
2021-10-05,45.9,45.9,45.9,45.9,200,BOT
2021-10-06,46.2,47.0,46.2,47.0,400,BOT
2021-10-07,47.0,47.0,47.0,47.0,300,BOT
2021-10-08,47.0,47.0,47.0,47.0,300,BOT
2021-10-11,47.5,47.8,47.0,47.0,64100,BOT
2021-10-12,48.0,48.0,48.0,48.0,200,BOT
2021-10-13,48.6,48.6,48.6,48.6,800,BOT
2021-10-14,48.3,48.3,48.3,48.3,300,BOT
2021-10-15,48.2,48.3,48.2,48.3,200,BOT
2021-10-18,46.2,48.0,46.2,48.0,200,BOT
2021-10-19,47.4,47.4,47.4,47.4,100,BOT
2021-10-20,48.0,48.0,48.0,48.0,100,BOT
2021-10-21,48.0,48.0,48.0,48.0,0,BOT
2021-10-22,48.0,50.4,48.0,50.4,1300,BOT
2021-10-25,51.8,51.8,51.8,51.8,300,BOT
2021-10-26,52.8,52.8,52.0,52.0,300,BOT
2021-10-27,52.6,53.0,52.6,53.0,500,BOT
2021-10-28,53.8,53.8,53.8,53.8,500,BOT
2021-10-29,53.5,53.5,53.5,53.5,5000,BOT
2021-11-01,54.7,60.0,54.7,55.0,80300,BOT
2021-11-02,59.9,59.9,55.0,55.0,48800,BOT
2021-11-03,52.0,52.0,51.8,51.8,5000,BOT
2021-11-04,47.1,47.2,44.9,45.0,12600,BOT
2021-11-05,45.6,47.2,44.0,47.2,5500,BOT
2021-11-08,41.9,46.8,40.8,46.8,16100,BOT
2021-11-09,45.3,45.3,36.3,45.0,224400,BOT
2021-11-10,41.8,41.8,36.3,36.3,116500,BOT
2021-11-11,36.4,38.3,35.0,37.7,46100,BOT
2021-11-12,36.4,36.4,32.3,35.9,67000,BOT
2021-11-15,35.3,35.3,29.8,30.5,235600,BOT
2021-11-16,31.9,33.0,30.6,31.5,87200,BOT
2021-11-17,31.5,31.9,29.9,30.0,30800,BOT
2021-11-18,30.0,30.0,26.1,26.1,150100,BOT
2021-11-19,26.1,26.1,22.4,22.4,50500,BOT
2021-11-22,21.8,21.8,19.4,19.4,114100,BOT
2021-11-23,19.3,19.4,16.6,19.4,27300,BOT
2021-11-24,19.0,19.7,19.0,19.7,34900,BOT
2021-11-25,20.0,22.5,20.0,22.5,536000,BOT
2021-11-26,22.4,25.0,22.4,24.7,714700,BOT
2021-11-29,23.7,24.6,20.9,23.5,206900,BOT
2021-11-30,22.0,22.1,18.5,18.5,766500,BOT
2021-12-01,18.5,18.7,16.7,18.0,418100,BOT
2021-12-02,18.6,19.4,18.0,18.6,608200,BOT
2021-12-03,18.7,19.3,16.6,17.1,399000,BOT
2021-12-06,17.2,17.2,14.9,15.2,408800,BOT
2021-12-07,15.2,15.6,13.6,15.0,683800,BOT
2021-12-08,15.0,16.3,15.0,16.1,99000,BOT
2021-12-09,16.0,16.3,15.1,16.0,377700,BOT
2021-12-10,16.0,16.0,14.1,15.5,393600,BOT
2021-12-13,15.5,16.5,14.0,14.3,439300,BOT
2021-12-14,14.6,15.8,14.6,15.4,545000,BOT
2021-12-15,15.4,15.9,15.1,15.5,123100,BOT
2021-12-16,15.6,15.6,14.9,15.2,331900,BOT
2021-12-17,15.2,15.2,14.3,14.8,519800,BOT
2021-12-20,14.9,14.9,14.1,14.7,486700,BOT
2021-12-21,14.7,14.8,14.1,14.5,561800,BOT
2021-12-22,14.5,16.5,14.5,16.5,914000,BOT
2021-12-23,17.5,17.6,15.7,16.1,384100,BOT
2021-12-24,16.1,16.1,15.2,15.5,336500,BOT
2021-12-27,15.5,15.6,14.6,15.3,193700,BOT
2021-12-28,15.0,15.2,14.7,15.1,226200,BOT
2021-12-29,15.0,16.1,14.9,15.3,129500,BOT
2021-12-30,15.3,16.4,15.3,16.0,629100,BOT
2021-12-31,16.0,17.0,15.5,15.6,631600,BOT
2022-01-04,15.5,16.1,15.3,15.5,280416,BOT
2022-01-05,15.6,15.6,14.8,15.2,565500,BOT
2022-01-06,15.0,15.3,14.5,14.8,360700,BOT
2022-01-07,14.8,15.7,14.7,15.3,566434,BOT
2022-01-10,15.1,15.3,14.6,14.7,517100,BOT
2022-01-11,14.7,15.0,14.4,14.7,347700,BOT
2022-01-12,14.7,14.7,13.2,14.1,343300,BOT
2022-01-13,14.1,14.2,12.9,13.1,344700,BOT
2022-01-14,13.1,13.1,11.8,12.4,428700,BOT
2022-01-17,12.1,12.4,10.9,11.6,573900,BOT
2022-01-18,11.6,11.6,10.4,10.6,795800,BOT
2022-01-19,10.8,12.4,10.0,11.9,325500,BOT
2022-01-20,11.3,12.1,11.3,11.9,91334,BOT
2022-01-21,11.9,11.9,11.3,11.5,247000,BOT
2022-01-24,11.5,11.5,10.6,11.1,181700,BOT
2022-01-25,10.8,11.9,10.6,11.7,360834,BOT
2022-01-26,11.7,12.0,11.4,11.6,396800,BOT
2022-01-27,11.6,11.7,11.4,11.4,177900,BOT
2022-01-28,11.4,12.4,11.4,12.1,138300,BOT
2022-02-07,12.1,12.7,11.9,12.4,149234,BOT
2022-02-08,12.5,12.7,12.2,12.5,108900,BOT
2022-02-09,12.5,12.7,12.4,12.6,114200,BOT
2022-02-10,12.5,12.7,12.0,12.5,102800,BOT
2022-02-11,12.5,12.7,12.3,12.4,111465,BOT
2022-02-14,12.5,12.5,11.9,11.9,101000,BOT
2022-02-15,12.0,12.1,11.9,12.0,103300,BOT
2022-02-16,12.0,12.1,11.9,12.1,267000,BOT
2022-02-17,11.9,12.7,11.9,12.6,374700,BOT
2022-02-18,12.6,12.9,12.4,12.7,372000,BOT
2022-02-21,12.6,13.6,12.6,13.5,688500,BOT
2022-02-22,13.4,13.5,12.8,13.0,340400,BOT
2022-02-23,13.2,13.4,12.1,13.1,371500,BOT
2022-02-24,13.1,13.4,11.3,12.6,520400,BOT
2022-02-25,12.6,12.6,11.4,12.3,568800,BOT
2022-02-28,12.1,12.2,11.1,11.8,709100,BOT
2022-03-01,11.8,12.3,11.3,12.0,623300,BOT
2022-03-02,12.0,12.4,11.7,12.2,351700,BOT
2022-03-03,12.1,12.9,12.0,12.6,493059,BOT
2022-03-04,13.0,13.3,12.3,13.2,426300,BOT
2022-03-07,13.2,14.7,13.0,14.0,2106700,BOT
2022-03-08,14.7,16.1,14.1,15.9,994346,BOT
2022-03-09,15.5,17.5,14.7,16.5,2016411,BOT
2022-03-10,16.2,16.8,14.6,15.9,1939400,BOT
2022-03-11,15.9,16.0,14.1,14.9,1749311,BOT
2022-03-14,15.0,15.0,13.4,14.0,1616000,BOT
2022-03-15,13.7,14.9,13.1,14.9,955305,BOT
2022-03-16,14.9,16.1,14.9,16.1,1020106,BOT
2022-03-17,17.0,18.0,16.6,16.7,1826910,BOT
2022-03-18,17.0,17.5,16.1,16.7,1036322,BOT
2022-03-21,17.0,17.2,16.5,16.7,811910,BOT
2022-03-22,17.0,17.0,14.7,15.9,2964737,BOT
2022-03-23,15.9,16.7,15.1,16.3,1841900,BOT
2022-03-24,16.3,17.9,15.7,17.6,1778920,BOT
2022-03-25,17.0,18.4,17.0,17.5,1447730,BOT
2022-03-28,17.7,17.7,16.4,17.0,1727550,BOT
2022-03-29,16.9,18.2,16.8,17.9,1288710,BOT
2022-03-30,18.4,19.0,16.8,17.8,1662338,BOT
2022-03-31,17.9,17.9,17.0,17.1,891500,BOT
2022-04-01,17.1,17.2,16.4,17.2,758520,BOT
2022-04-04,17.2,17.5,16.7,17.0,505020,BOT
2022-04-05,17.0,17.2,16.1,16.5,1546900,BOT
2022-04-06,16.4,16.6,15.0,15.7,1451900,BOT
2022-04-07,15.8,16.3,15.0,15.6,758400,BOT
2022-04-08,15.8,15.8,13.9,14.9,1572320,BOT
2022-04-12,15.0,15.0,13.9,13.9,1097600,BOT
2022-04-13,13.8,14.2,12.5,14.2,1383602,BOT
2022-04-14,14.1,14.3,13.1,13.8,659200,BOT
2022-04-15,14.0,15.3,14.0,14.3,570635,BOT
2022-04-18,14.3,14.5,12.6,13.1,580900,BOT
2022-04-19,12.2,13.9,12.1,12.1,464810,BOT
2022-04-20,12.0,12.8,11.4,11.6,635760,BOT
2022-04-21,11.6,11.7,10.2,10.2,910150,BOT
2022-04-22,10.2,11.0,9.5,10.8,635915,BOT
2022-04-25,10.8,10.8,10.0,10.5,364100,BOT
2022-04-26,10.5,10.9,10.0,10.8,437330,BOT
2022-04-27,10.8,10.9,10.3,10.8,443500,BOT
2022-04-28,10.7,12.0,10.4,12.0,1338902,BOT
2022-04-29,12.1,12.4,11.6,11.9,667620,BOT
2022-05-04,11.9,12.1,11.5,11.7,288100,BOT
2022-05-05,11.5,11.7,10.5,11.1,911034,BOT
2022-05-06,10.7,10.8,10.3,10.5,410466,BOT
2022-05-09,10.5,10.5,9.1,9.1,525500,BOT
2022-05-10,9.1,9.8,8.1,9.4,392100,BOT
2022-05-11,9.4,10.0,9.4,9.7,279500,BOT
2022-05-12,9.7,9.7,8.4,8.7,352000,BOT
2022-05-13,8.7,9.0,7.6,8.0,542980,BOT
2022-05-16,8.1,9.2,8.0,8.1,274700,BOT
2022-05-17,8.4,8.9,7.9,8.8,220750,BOT
2022-05-18,8.6,9.0,8.6,8.7,204620,BOT
2022-05-19,8.7,8.8,7.9,8.5,275300,BOT
2022-05-20,8.4,8.7,8.4,8.6,268100,BOT
2022-05-23,8.8,8.8,8.1,8.4,321510,BOT
2022-05-24,8.2,8.4,8.0,8.4,308524,BOT
2022-05-25,8.3,8.5,8.0,8.3,183408,BOT
2022-05-26,8.4,8.6,8.2,8.4,224201,BOT
2022-05-27,8.4,8.5,8.3,8.4,204420,BOT
2022-05-30,8.5,9.2,8.4,8.9,480108,BOT
2022-05-31,8.9,8.9,8.5,8.6,376139,BOT
2022-06-01,8.5,8.6,8.4,8.4,233050,BOT
2022-06-02,8.4,8.7,8.2,8.3,315600,BOT
2022-06-03,8.3,8.4,8.0,8.0,313000,BOT
2022-06-06,8.2,8.2,7.2,7.6,448700,BOT
2022-06-07,7.6,7.6,6.7,7.2,837300,BOT
2022-06-08,7.0,7.4,6.9,7.4,239300,BOT
2022-06-09,7.4,7.7,7.4,7.7,172724,BOT
2022-06-10,7.6,7.6,7.1,7.3,288309,BOT
2022-06-13,7.3,7.3,6.5,6.5,639400,BOT
2022-06-14,6.3,6.6,6.2,6.5,466901,BOT
2022-06-15,6.5,6.6,6.0,6.1,363500,BOT
2022-06-16,6.1,6.5,6.1,6.4,122074,BOT
2022-06-17,6.2,6.2,5.5,5.7,358501,BOT
2022-06-20,5.8,5.8,5.2,5.2,486700,BOT
2022-06-21,5.4,5.7,5.3,5.4,202800,BOT
2022-06-22,5.5,5.8,5.4,5.7,118400,BOT
2022-06-23,5.7,6.0,5.7,6.0,192207,BOT
2022-06-24,5.8,6.1,5.8,5.9,188500,BOT
2022-06-27,6.0,6.0,5.8,6.0,94500,BOT
2022-06-28,6.0,6.7,6.0,6.7,658500,BOT
2022-06-29,7.0,7.0,6.5,6.7,389361,BOT
2022-06-30,6.7,6.8,6.1,6.1,148800,BOT
2022-07-01,6.0,6.2,5.8,6.1,233500,BOT
2022-07-04,6.1,6.4,6.1,6.3,84600,BOT
2022-07-05,6.4,6.4,6.0,6.1,88101,BOT
2022-07-06,6.1,6.1,5.8,5.9,123100,BOT
2022-07-07,5.9,6.1,5.7,5.8,86620,BOT
2022-07-08,5.8,6.1,5.8,6.1,112400,BOT
2022-07-11,6.0,6.0,5.8,5.9,136100,BOT
2022-07-12,6.0,6.1,5.9,6.1,84200,BOT
2022-07-13,6.1,6.6,6.1,6.2,646500,BOT
2022-07-14,6.2,6.4,6.1,6.3,112720,BOT
2022-07-15,6.3,6.5,6.2,6.3,340017,BOT
2022-07-18,6.5,6.6,6.3,6.5,192610,BOT
2022-07-19,6.4,6.4,6.2,6.4,116300,BOT
2022-07-20,6.4,6.5,6.3,6.5,131000,BOT
2022-07-21,6.5,6.8,6.4,6.5,236600,BOT
2022-07-22,6.5,6.6,6.4,6.5,63100,BOT
2022-07-25,6.4,6.4,6.2,6.3,115000,BOT
2022-07-26,6.3,6.4,6.1,6.2,83900,BOT
2022-07-27,6.1,6.2,6.0,6.2,81900,BOT
2022-07-28,6.3,6.4,6.2,6.3,133400,BOT
2022-07-29,6.3,6.3,6.1,6.2,90900,BOT
2022-08-01,6.2,6.3,6.1,6.3,162700,BOT
2022-08-02,6.2,6.6,6.2,6.6,540810,BOT
2022-08-03,6.8,6.8,6.5,6.7,353600,BOT
2022-08-04,6.6,6.8,6.5,6.7,206152,BOT
2022-08-05,6.6,6.7,6.4,6.6,305000,BOT
2022-08-08,6.6,7.4,6.5,7.3,1590009,BOT
2022-08-09,7.3,7.7,7.1,7.6,613100,BOT
2022-08-10,7.7,7.7,7.1,7.3,361400,BOT
2022-08-11,7.3,7.4,6.9,6.9,912801,BOT
2022-08-12,6.9,7.3,6.9,7.2,327910,BOT
2022-08-15,7.2,7.5,7.2,7.4,399000,BOT
2022-08-16,7.4,7.5,7.2,7.5,477000,BOT
2022-08-17,7.4,7.4,7.1,7.3,245600,BOT
2022-08-18,7.2,7.2,6.9,6.9,263500,BOT
2022-08-19,6.9,7.2,6.8,7.0,225010,BOT
2022-08-22,6.9,6.9,6.6,6.7,262800,BOT
2022-08-23,6.6,7.1,6.6,7.1,244500,BOT
2022-08-24,6.9,7.1,6.8,6.9,227500,BOT
2022-08-25,6.9,7.0,6.8,6.8,171600,BOT
2022-08-26,6.8,6.9,6.7,6.7,164400,BOT
2022-08-29,6.7,6.7,6.2,6.6,954000,BOT
2022-08-30,6.0,6.7,6.0,6.5,134300,BOT
2022-08-31,6.4,6.6,6.3,6.5,120600,BOT
2022-09-05,6.4,6.6,6.4,6.5,67800,BOT
2022-09-06,6.4,6.5,6.2,6.2,200400,BOT
2022-09-07,6.4,6.4,6.0,6.1,223000,BOT
2022-09-08,6.2,6.2,6.0,6.1,204400,BOT
2022-09-09,6.1,6.4,6.0,6.4,393000,BOT
2022-09-12,6.4,6.5,6.2,6.2,101400,BOT
2022-09-13,6.4,6.4,6.2,6.3,52500,BOT
2022-09-14,6.2,6.3,6.0,6.3,170410,BOT
2022-09-15,6.3,6.3,6.0,6.2,68200,BOT
2022-09-16,6.1,6.1,5.8,5.9,277700,BOT
2022-09-19,5.9,5.9,5.7,5.8,159700,BOT
2022-09-20,5.9,6.0,5.6,5.8,115700,BOT
2022-09-21,5.8,6.5,5.7,6.3,503300,BOT
2022-09-22,6.3,6.8,6.3,6.8,805800,BOT
2022-09-23,6.8,6.9,6.3,6.3,343760,BOT
2022-09-26,6.4,6.4,5.7,6.1,465108,BOT
2022-09-27,6.1,6.2,5.9,6.1,242900,BOT
2022-09-28,6.1,6.2,5.8,5.8,178000,BOT
2022-09-29,6.1,6.2,5.9,5.9,230200,BOT
2022-09-30,6.0,6.0,5.4,5.7,315320,BOT
2022-10-03,6.0,6.0,5.4,5.5,98240,BOT
2022-10-04,5.6,5.9,4.9,5.5,159673,BOT
2022-10-05,5.5,5.7,5.5,5.6,67300,BOT
2022-10-06,5.7,5.7,5.4,5.6,158241,BOT
2022-10-07,5.6,5.6,4.8,5.2,491600,BOT
2022-10-10,4.8,5.3,4.8,5.3,476601,BOT
2022-10-11,5.5,5.5,5.0,5.2,314907,BOT
2022-10-12,5.0,5.3,4.5,5.2,521400,BOT
2022-10-13,5.3,5.4,5.1,5.3,202800,BOT
2022-10-14,5.3,5.6,5.3,5.4,84100,BOT
2022-10-17,5.3,5.4,5.2,5.4,70600,BOT
2022-10-18,5.4,5.5,5.3,5.4,46500,BOT
2022-10-19,5.5,5.5,5.3,5.4,71800,BOT
2022-10-20,5.4,5.5,5.2,5.4,48100,BOT
2022-10-21,5.2,5.2,4.7,5.0,163800,BOT
2022-10-24,5.2,5.2,4.3,4.3,189300,BOT
2022-10-25,4.4,4.7,4.4,4.6,199400,BOT
2022-10-26,4.6,4.7,4.4,4.6,104400,BOT
2022-10-27,3.9,4.8,3.9,4.8,104100,BOT
2022-10-28,4.8,4.8,4.3,4.4,393800,BOT
2022-10-31,4.4,4.4,4.0,4.0,226200,BOT
2022-11-01,4.1,4.2,4.0,4.2,284600,BOT
2022-11-02,3.9,4.1,3.8,4.0,172800,BOT
2022-11-03,4.0,4.0,3.8,4.0,71500,BOT
2022-11-04,4.0,4.1,3.7,3.7,170300,BOT
2022-11-07,3.8,3.9,3.6,3.7,172300,BOT
2022-11-08,3.8,4.0,3.5,3.9,577900,BOT
2022-11-09,4.0,4.2,3.9,3.9,345800,BOT
2022-11-10,3.8,4.1,3.5,3.9,196200,BOT
2022-11-11,3.9,4.0,3.6,3.9,98200,BOT
2022-11-14,3.8,4.4,3.5,3.9,681000,BOT
2022-11-15,4.0,4.7,3.8,4.0,426600,BOT
2022-11-16,4.0,4.5,3.8,4.3,412200,BOT
2022-11-17,4.3,4.3,3.6,3.8,1606201,BOT
2022-11-18,3.8,3.8,3.3,3.7,283900,BOT
2022-11-21,3.6,4.0,3.6,3.8,319433,BOT
2022-11-22,3.8,3.9,3.3,3.4,2098400,BOT
2022-11-23,3.4,3.4,2.9,3.0,175400,BOT
2022-11-24,3.0,3.2,2.7,2.7,1105800,BOT
2022-11-25,2.7,2.9,2.5,2.7,620600,BOT
2022-11-28,2.8,3.1,2.8,3.1,1524546,BOT
2022-11-29,3.2,3.4,3.0,3.2,676900,BOT
2022-11-30,3.3,3.3,2.9,3.0,733207,BOT
2022-12-01,3.0,3.4,3.0,3.4,1090320,BOT
2022-12-02,3.7,3.9,3.5,3.8,1365798,BOT
2022-12-05,3.8,4.2,3.8,4.1,930950,BOT
2022-12-06,4.1,4.2,3.5,3.7,1388800,BOT
2022-12-07,3.5,3.7,3.3,3.4,733700,BOT
2022-12-08,3.5,3.8,3.5,3.5,614600,BOT
2022-12-09,3.5,3.6,3.2,3.3,477600,BOT
2022-12-12,3.6,3.8,3.4,3.5,514546,BOT
2022-12-13,3.6,3.6,3.3,3.6,467300,BOT
2022-12-14,3.6,3.8,3.5,3.6,390020,BOT
2022-12-15,3.5,3.7,3.4,3.5,322407,BOT
2022-12-16,3.5,3.6,3.3,3.4,423520,BOT
2022-12-19,3.5,3.6,3.3,3.3,279030,BOT
2022-12-20,3.4,3.4,3.0,3.2,601330,BOT
2022-12-21,3.1,3.2,3.0,3.2,342300,BOT
2022-12-22,3.2,3.3,3.1,3.2,264319,BOT
2022-12-23,3.3,3.3,3.1,3.2,122119,BOT
2022-12-26,3.2,3.2,2.9,3.1,256709,BOT
2022-12-27,3.1,3.2,3.0,3.2,150800,BOT
2022-12-28,3.2,3.3,3.1,3.3,93800,BOT
2022-12-29,3.2,3.3,3.1,3.2,67400,BOT
2022-12-30,3.1,3.2,3.0,3.0,160700,BOT
2023-01-03,3.0,3.3,3.0,3.3,297700,BOT
2023-01-04,3.4,3.4,3.1,3.3,298300,BOT
2023-01-05,3.1,3.3,3.1,3.1,141900,BOT
2023-01-06,3.2,3.3,3.1,3.1,131400,BOT
2023-01-09,3.0,3.2,3.0,3.2,93000,BOT
2023-01-10,3.2,3.2,3.1,3.1,123800,BOT
2023-01-11,3.1,3.2,3.1,3.2,104800,BOT
2023-01-12,3.1,3.2,3.0,3.0,331300,BOT
2023-01-13,3.2,3.2,3.0,3.1,162700,BOT
2023-01-16,3.1,3.1,2.9,2.9,203800,BOT
2023-01-17,2.9,3.1,2.9,3.0,141800,BOT
2023-01-18,3.0,3.1,3.0,3.0,285500,BOT
2023-01-19,3.0,3.2,3.0,3.2,211300,BOT
2023-01-27,3.1,3.4,3.1,3.3,138404,BOT
2023-01-30,3.3,3.4,3.2,3.3,351700,BOT
2023-01-31,3.3,3.5,3.3,3.4,281900,BOT
2023-02-01,3.4,3.5,3.2,3.2,265037,BOT
2023-02-02,3.4,3.4,3.2,3.2,225100,BOT
2023-02-03,3.2,3.3,3.1,3.2,114208,BOT
2023-02-06,3.2,3.3,3.1,3.2,86300,BOT
2023-02-07,3.2,3.3,3.1,3.2,95400,BOT
2023-02-08,3.2,3.2,3.0,3.2,390100,BOT
2023-02-09,3.1,3.1,3.0,3.1,97000,BOT
2023-02-10,3.0,3.1,3.0,3.0,203600,BOT
2023-02-13,3.0,3.0,2.8,2.8,259437,BOT
2023-02-14,2.9,3.0,2.9,2.9,152400,BOT
2023-02-15,3.0,3.0,2.6,2.9,160600,BOT
2023-02-16,2.9,3.0,2.9,3.0,106700,BOT
2023-02-17,2.9,3.0,2.8,2.9,227000,BOT
2023-02-20,2.9,3.1,2.9,3.1,235400,BOT
2023-02-21,3.0,3.2,3.0,3.1,321900,BOT
2023-02-22,3.1,3.1,2.9,3.0,128100,BOT
2023-02-23,3.0,3.0,2.9,3.0,74600,BOT
2023-02-24,3.0,3.0,2.9,2.9,89112,BOT
2023-02-27,3.0,3.0,2.8,3.0,296000,BOT
2023-02-28,3.0,3.0,2.9,2.9,43300,BOT
2023-03-01,3.0,3.0,2.7,2.8,383100,BOT
2023-03-02,2.8,3.0,2.8,3.0,113500,BOT
2023-03-03,3.0,3.0,2.8,2.8,458100,BOT
2023-03-06,2.8,2.9,2.8,2.8,193600,BOT
2023-03-07,2.9,2.9,2.7,2.8,98200,BOT
2023-03-08,2.7,2.8,2.6,2.8,214400,BOT
2023-03-09,2.8,2.9,2.7,2.8,75400,BOT
2023-03-10,2.8,2.8,2.6,2.8,352530,BOT
2023-03-13,2.7,2.8,2.6,2.7,61900,BOT
2023-03-14,2.7,2.8,2.5,2.6,601500,BOT
2023-03-15,2.7,2.8,2.6,2.8,130400,BOT
2023-03-16,2.7,2.8,2.5,2.7,230700,BOT
2023-03-17,2.7,2.7,2.4,2.5,1096300,BOT
2023-03-20,2.6,2.7,2.5,2.7,2451900,BOT
2023-03-21,2.6,2.7,2.4,2.6,413600,BOT
2023-03-22,2.6,2.7,2.5,2.5,160800,BOT
2023-03-23,2.5,2.6,2.5,2.5,163500,BOT
2023-03-24,2.6,2.6,2.5,2.5,80400,BOT
2023-03-27,2.5,2.6,2.4,2.5,408600,BOT
2023-03-28,2.5,2.6,2.5,2.6,206028,BOT
2023-03-29,2.6,2.6,2.5,2.6,97063,BOT
2023-03-30,2.5,2.6,2.5,2.6,160017,BOT
2023-03-31,2.6,2.6,2.4,2.4,208028,BOT
2023-04-03,2.4,2.5,2.4,2.5,296670,BOT
2023-04-04,2.5,2.5,2.4,2.5,286203,BOT
2023-04-05,2.4,2.6,2.4,2.6,287762,BOT
2023-04-06,2.6,2.7,2.5,2.6,304115,BOT
2023-04-07,2.5,2.6,2.4,2.6,339935,BOT
2023-04-10,2.6,2.6,2.5,2.6,96600,BOT
2023-04-11,2.6,2.6,2.4,2.6,278745,BOT
2023-04-12,2.5,2.6,2.5,2.6,129403,BOT
2023-04-13,2.5,2.6,2.4,2.5,104318,BOT
2023-04-14,2.5,2.5,2.4,2.4,70938,BOT
2023-04-17,2.4,2.5,2.4,2.4,80510,BOT
2023-04-18,2.5,2.5,2.4,2.5,145800,BOT
2023-04-19,2.5,2.6,2.5,2.5,202845,BOT
2023-04-20,2.5,2.5,2.4,2.5,220300,BOT
2023-04-21,2.5,2.5,2.4,2.5,234506,BOT
2023-04-24,2.4,2.4,2.2,2.3,250914,BOT
2023-04-25,2.4,2.4,2.2,2.3,172734,BOT
2023-04-26,2.2,2.3,2.1,2.3,438700,BOT
2023-04-27,2.3,2.3,2.2,2.3,54242,BOT
2023-04-28,2.3,2.4,2.2,2.3,96200,BOT
2023-05-04,2.3,2.3,2.2,2.3,83500,BOT
2023-05-05,2.2,2.3,2.1,2.2,337008,BOT
2023-05-08,2.2,2.4,2.2,2.4,132921,BOT
2023-05-09,2.4,2.4,2.2,2.3,109501,BOT
2023-05-10,2.2,2.5,2.2,2.5,379737,BOT
2023-05-11,2.5,2.5,2.3,2.5,325424,BOT
2023-05-12,2.5,2.5,2.3,2.5,189524,BOT
2023-05-15,2.4,2.7,2.4,2.7,1356055,BOT
2023-05-16,3.0,3.1,2.9,3.1,2078093,BOT
2023-05-17,3.2,3.4,3.2,3.4,1967300,BOT
2023-05-18,3.7,3.9,3.4,3.4,2032556,BOT
2023-05-19,3.4,3.5,3.1,3.1,1120997,BOT
2023-05-22,3.3,3.6,3.2,3.6,823686,BOT
2023-05-23,3.5,3.9,3.5,3.8,1033300,BOT
2023-05-24,3.8,3.9,3.5,3.5,600792,BOT
2023-05-25,3.6,4.0,3.4,3.9,1227691,BOT
2023-05-26,3.9,4.2,3.9,4.2,1788232,BOT
2023-05-29,4.4,4.7,4.2,4.7,1196449,BOT
2023-05-30,4.8,4.8,4.2,4.7,1695816,BOT
2023-05-31,4.6,5.1,4.5,5.1,1789314,BOT
2023-06-01,5.1,5.7,5.1,5.6,1651765,BOT
2023-06-02,5.6,5.8,4.9,5.1,1469666,BOT
2023-06-05,5.1,5.5,4.8,5.3,938752,BOT
2023-06-06,5.4,5.7,5.2,5.5,812707,BOT
2023-06-07,5.5,5.7,5.1,5.4,1366305,BOT
2023-06-08,5.4,5.4,5.0,5.2,1352012,BOT
2023-06-09,5.3,5.3,4.9,5.1,679119,BOT
2023-06-12,5.0,5.2,4.9,5.2,626090,BOT
2023-06-13,5.2,5.5,5.1,5.5,1468398,BOT
2023-06-14,5.5,5.6,5.0,5.2,827387,BOT
2023-06-15,5.2,5.2,4.7,5.1,1112168,BOT
2023-06-16,5.2,5.2,4.9,5.0,353167,BOT
2023-06-19,5.0,5.1,4.7,4.9,503982,BOT
2023-06-20,4.9,5.1,4.7,5.1,325102,BOT
2023-06-21,4.9,5.2,4.9,5.0,308410,BOT
2023-06-22,5.0,5.2,4.9,5.1,315001,BOT
2023-06-23,5.1,5.1,4.8,5.0,541809,BOT
2023-06-26,4.9,5.0,4.7,4.9,483816,BOT
2023-06-27,4.8,5.0,4.8,4.8,338300,BOT
2023-06-28,5.0,5.0,4.6,4.7,558220,BOT
2023-06-29,4.6,4.7,4.3,4.3,621462,BOT
2023-06-30,4.5,4.5,4.2,4.3,275070,BOT
2023-07-03,4.1,4.4,4.1,4.3,363212,BOT
2023-07-04,4.3,4.8,4.2,4.8,764958,BOT
2023-07-05,4.8,5.0,4.7,5.0,820400,BOT
2023-07-06,4.9,5.0,4.6,4.8,500157,BOT
2023-07-07,4.7,4.8,4.5,4.7,565238,BOT
2023-07-10,4.8,4.8,4.6,4.8,214453,BOT
2023-07-11,4.8,4.8,4.5,4.7,751138,BOT
2023-07-12,4.7,4.7,4.5,4.7,445300,BOT
2023-07-13,4.7,4.7,4.4,4.6,561442,BOT
2023-07-14,4.6,4.8,4.4,4.6,1085205,BOT
2023-07-17,4.7,5.0,4.7,5.0,1339359,BOT
2023-07-18,5.0,5.1,4.7,4.9,1040631,BOT
2023-07-19,4.9,4.9,4.6,4.7,561650,BOT
2023-07-20,4.7,4.7,4.5,4.7,502200,BOT
2023-07-21,4.7,4.8,4.6,4.8,583400,BOT
2023-07-24,4.7,4.9,4.6,4.8,668510,BOT
2023-07-25,4.7,5.2,4.7,5.1,2196710,BOT
2023-07-26,5.1,5.1,4.8,5.0,681004,BOT
2023-07-27,5.0,5.0,4.6,4.9,1080521,BOT
2023-07-28,4.8,5.0,4.8,5.0,761584,BOT
2023-07-31,5.0,5.1,4.9,5.0,811003,BOT
2023-08-01,5.1,5.1,4.8,4.8,861147,BOT
2023-08-02,4.9,4.9,4.7,4.9,875352,BOT
2023-08-03,4.8,5.0,4.8,4.9,565201,BOT
2023-08-04,4.9,4.9,4.7,4.8,798900,BOT
2023-08-07,4.8,5.0,4.7,4.9,1006362,BOT
2023-08-08,4.9,5.6,4.9,5.5,2570651,BOT
2023-08-09,5.5,6.0,5.5,6.0,3111002,BOT
2023-08-10,6.0,6.3,5.6,5.7,1411051,BOT
2023-08-11,5.7,5.7,5.1,5.6,1791439,BOT
2023-08-14,5.8,5.8,5.4,5.6,513841,BOT
2023-08-15,5.7,5.7,5.5,5.6,781851,BOT
2023-08-16,5.6,5.7,5.4,5.6,481000,BOT
2023-08-17,5.6,5.6,5.2,5.4,434900,BOT
2023-08-18,5.4,5.4,4.6,4.8,1533413,BOT
2023-08-21,4.9,4.9,4.6,4.8,380476,BOT
2023-08-22,4.8,4.8,4.5,4.7,378250,BOT
2023-08-23,4.7,4.9,4.6,4.7,397541,BOT
2023-08-24,4.8,4.8,4.6,4.8,366000,BOT
2023-08-25,4.8,4.9,4.7,4.8,286900,BOT
2023-08-28,4.8,4.9,4.7,4.8,322300,BOT
2023-08-29,4.7,4.9,4.7,4.9,219700,BOT
2023-08-30,4.9,5.0,4.8,4.9,188300,BOT
2023-08-31,4.9,5.1,4.9,4.9,394824,BOT
2023-09-05,5.0,5.2,4.9,5.2,506302,BOT
2023-09-06,5.2,5.3,5.0,5.2,524077,BOT
2023-09-07,5.2,5.2,5.0,5.1,502826,BOT
2023-09-08,5.1,5.1,4.8,5.0,893324,BOT
2023-09-11,5.0,5.0,4.7,4.8,462031,BOT
2023-09-12,4.8,4.9,4.7,4.8,683657,BOT
2023-09-13,4.9,5.0,4.7,4.9,562102,BOT
2023-09-14,4.8,4.9,4.6,4.7,396120,BOT
2023-09-15,4.7,4.8,4.6,4.7,424400,BOT
2023-09-18,4.7,4.7,4.6,4.7,279067,BOT
2023-09-19,4.7,4.7,4.5,4.5,445301,BOT
2023-09-20,4.6,4.7,4.4,4.7,433670,BOT
2023-09-21,4.7,4.7,4.5,4.6,326000,BOT
2023-09-22,4.7,4.7,4.3,4.5,815600,BOT
2023-09-25,4.4,4.6,4.2,4.4,479500,BOT
2023-09-26,4.3,4.4,4.0,4.2,331930,BOT
2023-09-27,4.2,4.3,3.8,4.2,589900,BOT
2023-09-28,4.2,4.2,3.7,3.9,423154,BOT
2023-09-29,3.9,4.0,3.8,4.0,330201,BOT
2023-10-02,4.0,4.0,3.9,4.0,122400,BOT
2023-10-03,3.9,4.0,3.6,3.7,1102300,BOT
2023-10-04,3.6,3.9,3.6,3.9,318900,BOT
2023-10-05,3.9,4.0,3.8,3.8,105212,BOT
2023-10-06,3.8,4.0,3.7,3.9,543700,BOT
2023-10-09,3.9,4.0,3.8,4.0,462900,BOT
2023-10-10,4.0,4.1,3.9,4.0,1120757,BOT
2023-10-11,4.0,4.1,3.9,4.1,234001,BOT
2023-10-12,4.1,4.3,3.9,4.2,1953810,BOT
2023-10-13,4.2,4.2,3.6,3.9,834304,BOT
2023-10-16,3.6,3.9,3.3,3.6,756547,BOT
2023-10-17,3.5,3.6,3.1,3.2,1308710,BOT
2023-10-18,3.2,3.3,3.0,3.2,829572,BOT
2023-10-19,3.0,3.2,3.0,3.1,307674,BOT
2023-10-20,3.0,3.3,3.0,3.2,644782,BOT
2023-10-23,3.0,3.3,3.0,3.3,557875,BOT
2023-10-24,3.3,3.4,3.2,3.4,283108,BOT
2023-10-25,3.3,3.5,3.3,3.4,389125,BOT
2023-10-26,3.5,3.5,3.0,3.3,1321700,BOT
2023-10-27,3.3,3.6,3.2,3.5,1537296,BOT
2023-10-30,3.4,3.5,3.3,3.4,72041,BOT
2023-10-31,3.4,3.7,3.3,3.5,2433320,BOT
2023-11-01,3.4,3.8,3.4,3.7,1225268,BOT
2023-11-02,3.7,3.8,3.5,3.7,1305706,BOT
2023-11-03,3.8,3.8,3.5,3.6,1038858,BOT
2023-11-06,3.6,3.7,3.5,3.6,2488785,BOT
2023-11-07,3.6,3.6,3.3,3.5,835744,BOT
2023-11-08,3.4,3.6,3.3,3.6,1132411,BOT
2023-11-09,3.5,3.7,3.3,3.4,3334361,BOT
2023-11-10,3.5,3.6,3.4,3.5,1742107,BOT
2023-11-13,3.5,3.7,3.4,3.6,1322038,BOT
2023-11-14,3.4,3.6,3.0,3.6,3942458,BOT
2023-11-15,3.1,3.6,3.0,3.4,1589422,BOT
2023-11-16,3.1,3.5,3.1,3.4,1425231,BOT
2023-11-17,3.1,3.5,3.0,3.3,2159347,BOT
2023-11-20,3.1,3.4,3.0,3.4,610208,BOT
2023-11-21,3.2,3.4,3.1,3.4,332503,BOT
2023-11-22,3.4,3.4,3.2,3.4,485294,BOT
2023-11-23,3.4,3.4,3.2,3.3,916369,BOT
2023-11-24,3.0,3.3,3.0,3.3,1533379,BOT
2023-11-27,3.2,3.3,3.1,3.2,1037275,BOT
2023-11-28,3.1,3.2,3.1,3.2,313006,BOT
2023-11-29,3.0,3.2,3.0,3.2,1328004,BOT
2023-11-30,3.1,3.2,3.0,3.2,617867,BOT
2023-12-01,3.1,3.2,3.0,3.2,304633,BOT
2023-12-04,3.1,3.2,3.0,3.2,1580977,BOT
2023-12-05,3.2,3.2,3.0,3.1,397672,BOT
2023-12-06,3.1,3.2,3.0,3.1,867974,BOT
2023-12-07,3.1,3.2,3.0,3.1,1264063,BOT
2023-12-08,3.1,3.2,3.0,3.1,454806,BOT
2023-12-11,3.1,3.1,3.0,3.1,430004,BOT
2023-12-12,3.0,3.1,3.0,3.1,208412,BOT
2023-12-13,3.0,3.1,3.0,3.1,613892,BOT
2023-12-14,3.1,3.1,2.9,3.0,606341,BOT
2023-12-15,3.0,3.0,2.9,2.9,349503,BOT
2023-12-18,2.9,3.0,2.7,2.9,1785040,BOT
2023-12-19,2.9,3.0,2.8,3.0,1674908,BOT
2023-12-20,2.8,3.0,2.8,3.0,97273,BOT
2023-12-21,2.8,3.0,2.8,2.9,373885,BOT
2023-12-22,2.9,3.0,2.8,2.9,527600,BOT
2023-12-25,2.8,2.9,2.5,2.9,375403,BOT
2023-12-26,2.8,2.9,2.7,2.8,332156,BOT
2023-12-27,2.5,2.8,2.4,2.7,656905,BOT
2023-12-28,2.8,2.8,2.6,2.8,377277,BOT
2023-12-29,2.7,2.8,2.6,2.7,571133,BOT
